{"cameraMode":{"drawMode":0,"name":"Shaded","section":"Shading Mode"},"sceneLighting":true,"audioPlay":false,"sceneViewState":{"showFog":true,"showMaterialUpdate":false,"showSkybox":true,"showFlares":true,"showImageEffects":true,"showParticleSystems":true},"in2DMode":false,"pivot":{"x":26.02841567993164,"y":-2.981067657470703,"z":0.8547916412353516},"rotation":{"x":-0.21258987486362458,"y":0.7397775053977966,"z":-0.27239784598350527,"w":-0.5773513913154602},"size":7.990456581115723,"orthographic":false}